"0000000003";1;1;"Included ";"Accommodation, breakfast, dinners, lunches, luggage transfers, transfers on the trip, quality touring bike (road bike optional), guide and insurance. "
"0000000003";1;2;"Included";"Accommodation, breakfast, dinners, lunches, luggage transfers, transfers on the trip, quality touring bike (road bike optional), guide and insurance. "
"0000000003";2;1;"Not Included";"Sex, drugs, rock&roll. Options Return from Santiago by plane. "
"0000000006";0;1;"Single supplement 210 EUR";""
"0000000006";0;2;"Single supplement 250 EUR";"asdfasadfsdf"
"0000000006";1;1;"WHAT´S INCLUDED?:";"- Accommodation
- Breakfast
- 6 dinners with wine
- 5 lunches
- Luggage transfers 
- Transfers on the trip 
- Quality touring bike (road bike optional) 
- Guide and insurance."
"0000000006";1;2;"Included:
kjkjk
- gasfdgasdfg
- gsfdgsdfg";"asdasdfasdff"
"0000000006";2;1;"NOT INCLUDED:";""
"0000000006";3;1;"OPTIONS:";"- Return from Santiago by plane."
"0000000006";4;1;"OUR BIKES:  ";"- Hybrid bike: INCLUDED  
Specialized SIRRUS  
http://www.specialized.com/us/en/bikes/multi-use/sirrus/sirrus

- Road Aluminium: 40 €  
Specialized SECTEUR 
http://www.specialized.com/us/en/bikes/road/secteur/secteursportcompact

- Road Carbon: 90 € 
Specialized ROUBAIX 
http://www.specialized.com/us/en/bikes/road/roubaix/roubaixsportcompact
"
"0000000006";5;1;"SUPPORTED TOUR
MINIMUM GROUP 4 PERSONS";""
"0000000006";6;1;"HIGHLIGHTS";"- The friendship along the way with all pilgrims.

- The Cathedral and atmospheric streets of the city of León.

- Riding along gorgeous paths through ancient oak forests.

- Replenishing your energy with local cuisine and wine. 

- The thousand-year-old ritual of congratulating yourself on your achievement in front of the Cathedral.
"
"0000000009";0;1;"PRECIO:";"800€ en barco Standard Plus 
- Individual 1030 €
900 € en camarote COMFORT
- Individual 1090 € "
"0000000009";1;1;"EL PRECIO INCLUYE:";"- Alojamiento en camarote doble.
- Pensión completa.
- Visita a varias ciudades.
- Asistencia.
- Mapas y libro de ruta.
- Café y té a bordo.
"
"0000000009";2;1;"NO INCLUIDO: 
";"- Bicicleta 24 velocidades. (65 €)
- Transporte a los puntos de salida. 
- Vuelos y noches extra. 
- Bebidas a bordo.
"
"0000000009";3;1;"OPCIONES:";"- Suplemento indiv.: 230 € 
- Bicicleta eléctrica: 130 €
- Seguro viaje 15 €.
- Estancias en Amsterdam.
- Parking en Amsterdam.
- Seguro bicicleta: 15 €"
"0000000009";4;1;"INTERESANTE:";"- Isla de Texel, una reserva con miles de ovejas.

- Zuiderzeemuseum. Un museo hecho para niños que encanta a los adultos.

- Pueblos pesqueros de Volendam y Edam.

- Zaanse Schans: Museo al aire libre con antiguos molinos de viento.

- Bosques, dunas y playas del norte.

- Amsterdam: visita al museo ‘Rembrandthuis’.
"
"0000000010";0;1;"PRECIO:";" 765 € en barco Standard Plus 
- Individual 985 €
"
"0000000010";1;1;"EL PRECIO INCLUYE: 
";"- Alojamiento en camarote doble.
- Pensión completa.
- Visita a varias ciudades.
- Asistencia.
- Mapas y libro de ruta.
- Café y té a bordo.
"
"0000000010";2;1;"NO INCLUIDO: 
";"- Bicicleta 24 velocidades (65€)
- Transporte a los puntos de salida. 
- Vuelos y noches extra. 
- Bebidas a bordo.
"
"0000000010";3;1;"OPCIONES:
";"- Suplemento indiv.: 148 € 
- -Bicicleta eléctrica 130 €
- Seguro viaje 15 €.
- Estancias en Amsterdam.
- Parking en Amsterdam.
- Seguro bicicleta: 15 euros. 
"
"0000000010";4;1;"INTERESANTE:";"- Isla de Texel, una reserva con miles de ovejas.

- Zuiderzeemuseum. Un museo hecho para niños que encanta a los adultos.

- Pueblos pesqueros de Volendam y Edam.

- Zaanse Schans: Museo al aire libre con antiguos molinos de viento.

- Bosques, dunas y playas del norte.

- Amsterdam: visita al museo ‘Rembrandthuis’.
 
"
"0000000011";0;1;"PRECIO: ";"Cat. Standard Plus: 
659 € en doble
620 € en triple
Suplemento individual 148 €
"
"0000000011";1;1;"EL PRECIO INCLUYE: ";"- Alojamiento en camarote doble.
- Pensión completa.
- Bicicleta 7/21 velocidades.
- Visita a varias ciudades.
- Asistencia día de salida por nuestro representante Español en Julio y Agosto"
"0000000011";2;1;"NO INCLUIDO: 
";" Transporte a los puntos de salida.
- Vuelos y noches extra.
- Bebidas a bordo.
"
"0000000011";3;1;"OPCIONES: ";"- Seguro viaje 15 €.
- Bicicleta eléctrica 130 €
- Estancias en Amsterdam.
- Parking en Amsterdam."
"0000000011";4;1;"INTERESANTE:";"- Una excursión en bicicleta a lo largo del río Amstel. 

- La Haya: posible visita al museo ‘Mauritshuis’.

- Leiden: posible visita al museo ‘De Lakenhal’

- Zaanse Schans: Museo al aire libre con antiguos molinos de viento.

- Paseo en bici a lo largo de la costa del Mar del Norte y sus dunas.

- Hoorn: una pequeña ciudad portuaria del siglo XVII.

- Ámsterdam: posible visita al museo ‘Rembrandthuis’

"
"0000000021";0;1;"PRICE:";"830 € in hotels 3*-4* 
180 € single supplement 

990 € Paredores
290 € single supplement
 
León- Hostal San Marcos
http://www.parador.es/en/tratarFichaParador.do?parador=102
Villafranca Parador 
http://www.parador.es/en/tratarFichaParador.do?parador=090
Santiago Reis Catolicos  
 http://www.parador.es/en/tratarFichaParador.do?parador=103

 
"
"0000000021";1;1;"What's INCLUDED?:
";"- Accommodation
- Breakfast
- Road book and maps
- Taxi transfer rom Villafranca to O´Cebreiro on day 4 
- Luggage transfers

"
"0000000021";2;1;"NOT INCLUDED: ";"Lunches and dinners.
"
"0000000021";3;1;"OPTIONS: ";"- Travel insurance: 20 €
- Madrid-León transfer: 480 € (1-6 people)"
"0000000021";4;1;"OUR BIKE:  ";"- Hybrid bike: 160 €
(Repair kit and transportation included)  
http://www.orbea.com/int-en/bicycles/sport-a10/
"
"0000000021";5;1;"HIGHLIGHTS";"- The friendship along the way with all pilgrims.

- The Cathedral and atmospheric streets of the city of León.

- Riding along gorgeous paths through ancient oak forests.

- Replenishing your energy with local cuisine and wine. 

- The thousand-year-old ritual of congratulating yourself on your achievement in front of the Cathedral.
"
"0000000041";0;1;"PRICE: ";"820 €
Single supplement: 210 €



"
"0000000041";1;1;"INCLUDED: 
";"Accommodation, buffet breakfast, 3 gourmet dinners, luggage transfers, transfer at the end of the tour to Laguardia or Logroño and road book with maps.
"
"0000000041";2;1;"NOT INCLUDED:";"- Lunches.
- Transportation from and to Laguardia (Alava). Ask for different options."
"0000000041";3;1;"OPTIONS: ";"- Bike hire: 75 euros.
- Travel insurance 20 euros.


"
"0000000041";4;1;"HIGHLIGHTS";"- Endless country roads winding their way through vineyards.

- Gothic and Romanesque architecture on the Camino de Santiago.

- Exploring the Rio Oja valley (especially in the fall). 

- And, of course – the vintages themselves!


"
"0000000043";1;1;"Precio por persona en habitación doble:";"780 € cubierta superior 
710 € cubierta principal
"
"0000000043";2;1;"Descuento a tercera persona (adultos) en habitación o camarote triple: 50%";""
"0000000043";3;1;"El precio incluye:";"- 7 noches alojamiento en camarote elegido en pensión completa.
- Visita a Viena.
- Transfers en Passau desde la estación de tren.
- Documentación de la ruta y mapas (inglés)
- Entrada y visita guiada de la abadía de St Florian.
- Bicicleta 21 velocidades."
"0000000043";4;1;"No incluido:";"- Traslados a y desde los puntos de salida y final de la ruta.
- Tasas de embarque: 59 euros a pagar directamente en el barco.
- Ferry en Enns (1,50€)"
"0000000043";5;1;"Opciones:";"- Seguro viaje 15 €
- Noche extra Passau.
- Bicicleta eléctrica: + 80 €.
- Camarote individual + 460 €"
"0000000045";1;1;"PRICE:";"2175 € in hotels 4* 
Single suppl.: 390 € 
"
"0000000045";2;1;"WHAT´S INCLUDED?";"- 8 night accommodation with buffet breakfast.
- 3 dinners with wine.
- Farewell dinner and flamenco show in Madrid.
- Snacks and drinks in the van.
- Maps and guidance.
- VIP tickets.
- Bike Spain jersey [Image] (http://bikespain.info/images/d_roadcycling/maillotBST.jpg)"
"0000000045";3;1;"NOT INCLUDED:";"- Lunches and some dinners."
"0000000045";4;1;"VIP Travel includes:
";"- Ride by bike across the finish line on the D-day stage (under logistic conditions)
- Access to the stage podium for a photo shoot on the D-day stage of each participant.
- Access to the departure village for 3 stages. 
- Access to VIP buses bus for 3 stages (Excluding the first and last stage) 
- Official Road book for each participant"
"0000000045";5;1;"OUR BIKES: ";" - Road Aluminium: 150 €  
Specialized SECTEUR 
(http://www.specialized.com/us/en/bikes/road/secteur/secteursportcompact)
- Road Carbon: 210 € 
Specialized ROUBAIX 
(http://www.specialized.com/us/en/bikes/road/roubaix/roubaixsportcompact)"
"0000000045";6;1;"OPTIONS:
";"- Extra nights: Ask for price.


"
"0000000045";7;1;"SUPPORTED TOUR
MINIMUM GROUP 6 PERSONS ";""
"0000000046";0;1;"PRECIO ";"2 adultos + 2 niños: 1796 €
2 adultos + 1 niño: 1497 €
1 adulto + 1 niño: 898 €
1 adulto + 2 niños: 1362 €
(Niños hasta 11 años)

Pasajeros adicionales:
Niños hasta 11 años: 449 €
Pasajero 12+ años: 584 €"
"0000000046";1;1;"EL PRECIO INCLUYE: 
";"- Alojamiento en camarote (varios tamaños). Duchas y aseos a compartir.
- Pensión completa.
- Bicicleta.
- Visita al Castillo de Loevestein.
- Golf ""holandés"".
- Asistencia día de salida por nuestro representante Español en Julio y Agosto.
- Mapas y libro de ruta.
"
"0000000046";2;1;"NO INCLUIDO: ";"- Transporte a los puntos de salida.
- Vuelos y noches extra. 
- Bebidas a bordo (buen precio).
"
"0000000046";3;1;"OPCIONES:";"- Suplemento indiv.: 148 € 
- Seguro viaje 15 €.
- Alojamiento en Amsterdam.
- Seguro bicicleta: 15 euros. 



"
"0000000046";4;1;"INTERESANTE:";"- Linea de 19 molinos de Kinderdijk.

- Pequeños pueblos con encanto.

- Jugar al golf con palos de zuecos.

- Entorno rural y muy familiar.

- Parque de aves Avifaunia.

- Paseos en ciudades y pueblos.
"
"0000000047";0;1;"PRECIO Cat. Comfort";"829 € en camarote doble."
"0000000047";1;1;"EL PRECIO INCLUYE:";"- Alojamiento en pensión completa en camarote doble.
- Visitas a ciudades.
- Guía en inglés.
- Bicicleta.
- Mapas y libro de ruta.
- Tren Gante – Brujas – Gente.
- Bus de Amsterdam-Brujas"
"0000000047";2;1;"NO INCLUIDO:";"- Transporte a los puntos de salida.
- Bebidas a bordo (muy económicas) 
- Vuelos y noches extra. 
http://www.traveltool.es/agencias/entradaIdentificada.aspx?codigoAgencia=767"
"0000000047";3;1;"OPCIONES:";"- Suplemento indiv. 148 €
- Seguro viaje 15 €.
- Seguro bicicleta 15 €."
"0000000047";4;1;"INTERESANTE";" Paseo en bicicleta por la isla de Tholen.

- Visita a la fábrica de cerveza ""De Koninck"".

- Cruzar el Rín en barco.

- Visite dos ciudades bonitas en un viaje inolvidable."
"0000000048";0;1;"PRECIO: ";"810 € en habitación doble 
- Niños 0-3 en triple -60%
- Niños 4-11 en triple -33%
"
"0000000048";1;1;"EL PRECIO INCLUYE: 
";"- Alojamiento en habitación doble. Desayunos y cenas.
- Bicicleta.
- Traslado de equipaje (1 maleta por persona)
- Mapas y libro de ruta en inglés."
"0000000048";2;1;"NO INCLUIDO: 
";"- Transporte a los puntos de salida.
- Vuelos y noches extra.
- Ferry Enkhuizen-Stavoren aprox. Euro 18,00"
"0000000048";3;1;"OPCIONES:";"- Suplemento indiv.: 256
- Seguro viaje 15 €.
- Estancias en Amsterdam.
- Parking en Amsterdam.
- Seguro bicicleta: 15 €"
"0000000048";4;1;"INTERESANTE:";"- Visita al museo del antiguo pueblo de pescadores. 

- Paseos en ciudades y pueblos.

- Giethoorn, “la Venecia del Norte”

- Conocer las diferentes caras de Holanda

"
"0000000052";0;1;"PRECIO Cat. Standard:";"689 € en camarote doble."
"0000000052";1;1;"EL PRECIO INCLUYE:";"- Alojamiento en pensión completa en camarote doble.
- Visita a fábrica de cerveza.
- Visitas a ciudades.
- Guía en inglés.
- Bicicleta.
- Mapas y libro de ruta.
- Tren Malinas-Bruselas.
"
"0000000052";2;1;"NO INCLUIDO:";"- Transporte a los puntos de salida.
- Vuelos y noches extra. 
http://www.traveltool.es/agencias/entradaIdentificada.aspx?codigoAgencia=767
- bebidas a bordo."
"0000000052";3;1;"OPCIONES:";"- Suplemento indiv. 148 €
- Seguro viaje: 15 €.
- Seguro bicicleta: 15 €"
"0000000052";4;1;"INTERESANTE: ";"- Paseo en bicicleta por la isla de Tholen.

- Visita a la fábrica de cerveza ""De Koninck"".

- Cruzar el Rín en barco.

- Visite dos ciudades bonitas en un viaje inolvidable. 
"
"0000000053";0;1;"PRECIO:";"- Adultos 925 €
- Niños 510 € (5-10 años)
Suplemento Indiv.: 160 €"
"0000000053";1;1;"EL PRECIO INCLUYE:";"- Alojamiento en media pensión en hoteles 2-3 estrellas.
- 6 Cenas gourmet.
- 5 comidas pic-nic.
- Traslado equipajes.
- Asistencia. Guía. Vehículo apoyo.
- Mapas y libro de ruta.
- Recogida y traslados desde Blois para quien venga en tren.
- Regalos bienvenida.
- Acceso internet en ordenador portátil."
"0000000053";2;1;"NO INCLUIDO:";"- Transporte a los puntos de salida.
- Bebidas.
- Entradas a monumentos."
"0000000053";3;1;"OPCIONES:";"- Bicicleta 85 €
- Seguro viaje 15 €"
"0000000054";0;1;"PRECIO:";"595 € en habitación doble. 
230 € suplemento individual"
"0000000054";1;1;"EL PRECIO INCLUYE:";"- Alojamiento en habitación doble. Hoteles 2 estrellas.
- Media pensión: 7 cenas de 3 platos y desayunos buffet. 
- Traslados equipaje (una maleta hasta 20 kgs.)
- Asistencia.
- Mapas y libro de ruta en Castellano."
"0000000054";2;1;"NO INCLUIDO:";"- Bebidas y comidas."
"0000000054";3;1;"OPCIONES:";"- Viaje en tren a Blois.
- Bicicleta: 70 euros.
- Seguro viaje 15 €.
- Seguro asistencia y cancelación 25 euros."
"0000000058";0;1;"PRICE: ";"Tourprice 1780 €
Single supplement: 230 €
"
"0000000058";1;1;"What's INCLUDED?:";"Accommodation, breakfast, 5 lunches, 5 dinners, transfers, touring bike, travel insurance and some special gifts."
"0000000058";2;1;"NOT INCLUDED: ";""
"0000000058";3;1;"OUR BIKES:  ";"- Hybrid bike: INCLUDED  
Specialized SIRRUS  
http://www.specialized.com/us/en/bikes/multi-use/sirrus/sirrus

- Road Aluminium: 40 €  
Specialized SECTEUR 
http://www.specialized.com/us/en/bikes/road/secteur/secteursportcompact

- Road Carbon: 90 € 
Specialized ROUBAIX 
http://www.specialized.com/us/en/bikes/road/roubaix/roubaixsportcompact"
"0000000058";4;1;"HIGHLIGHTS";"- The wine museum of Rioja and Ribera.

- The visits to some beautiful wineries.

- The ride by many small villages.

- The scenic routes and cuisine. "
"0000000059";0;1;"PRECIO 2012 VITA PUGNA:";"Desde 760 € en doble.
Desde 1160 € en individual.
Desde 610 € 3ª persona en triple"
"0000000059";1;1;"PRECIO 2012 AVE MARIA:";"Desde 810 € en doble (literas).
Desde 910 € en doble estándar.
Desde 970 € en doble superior.
Desde 1210 € en individual
760 € 3ª persona en triple"
"0000000059";2;1;"EL PRECIO INCLUYE:";"- Alojamiento en camarote doble, en pensión completa. 
- Mapas y libro de ruta.
- Tasas de embarque.
- Traslado en bus entre Ferrara- Zelo/Ferrara - Adria."
"0000000059";3;1;"NO INCLUIDO:";"- Transporte a los puntos de salida. 
- Vuelos y noches extra.
http://www.traveltool.es/agencias/entradaIdentificada.aspx?codigoAgencia=767
- Bebidas a bordo."
"0000000059";4;1;"OPCIONES:";"- Bicicleta 70 €
- Seguro de viaje 15 €
- Noche extra Venecia
desde 90 €"
"0000000060";1;1;"PRECIO Standard Plus: ";"970 € en barco Cat. Standard
- 3ª persona 485 €
"
"0000000060";2;1;"EL PRECIO INCLUYE: ";"- Alojamiento en camarote doble.
- Pensión completa.
- Visita a varias ciudades.
- Mapas y libro de ruta.
- Entrada al parque Mljet. "
"0000000060";3;1;"NO INCLUIDO: ";"- Transporte a los puntos de salida.
- Vuelos y noches extra.
- Tasas de embarque 20 euros por persona.
- Bicicleta 55 €
- Bebidas a bordo.

"
"0000000060";4;1;"OPCIONES: ";"- Camarote cubierta 70 €/per
- Suplemento indiv.: 300 € 
- Seguro viaje 15 €.
- Estancias en Trogir.
- Alquiler casco.
- Rafting día 2.
- Agua ilimitada 40 € por adulto, 20 € por niños
- Rafting Catina River: 20 € (niños) y 35 € (adultos).
"
"0000000060";5;1;"INTERESANTE";"- Las islas más bonitas del Adriático: korcula, Mljet, hvar, Brac .
- Hvar: encantador pueblo pesquero.
- Stari Grad: pueblo elegido por numerosos artistas. 

- Pedalear a 25 grados sin calor. Siempre hay una ligera brisa.

- Campos de lavanda a principios del verano.

- Split: Su Palacio y mercado nos trasladan de verdad a épocas romanas.
"
"0000000061";1;1;"PRECIO Standard Plus: ";"890 € en barco Cat. Standard
- 3ª persona 445 €
 
"
"0000000061";3;1;"EL PRECIO INCLUYE: ";"- Alojamiento en camarote doble.
- Pensión completa.
- Visita a varias ciudades.
- Mapas y libro de ruta.
- Entrada al parque Mljet. 
"
"0000000061";4;1;"NO INCLUIDO: ";"- Transporte a los puntos de salida.
- Vuelos y noches extra.
- Tasas de embarque 20 euros por persona.
- Bebidas a bordo.
"
"0000000061";5;1;"OPCIONES: ";"- Bicicleta 75€ /Eléctrica 145
- Camarote cubierta 70 €/per
- Suplemento indiv.: 300 € 
- Alquiler de casco.
- Seguro viaje 15 €.
- Estancias en Trogir. 
"
"0000000061";6;1;"INTERESANTE";"- Las islas más bonitas del Adriático: korcula, Mljet, hvar, Brac .
- Hvar: encantador pueblo pesquero.
- Stari Grad: pueblo elegido por numerosos artistas. 

- Pedalear a 25 grados sin calor. Siempre hay una ligera brisa.

- Campos de lavanda a principios del verano.

- Split: Su Palacio y mercado nos trasladan de verdad a épocas romanas. 
"
"0000000062";1;1;"Precio por persona en habitación doble:";"Del 20 de abril al 22 de junio y del 31 de agosto al 21 de septiembre: 485 €
Del 29 de junio al 24 de agosto: 499 €"
"0000000062";2;1;"Descuentos infantiles (niños de hasta 11 años, compartiendo habitación con dos adultos)";"De 0 a 6.99 años: 50 %
De 7 a 11 años: 25 %"
"0000000062";3;1;"El precio incluye:";"- Alojamiento y desayuno en hoteles de 3 / 4 estrellas
- Transporte de equipaje (1 bulto por persona de hasta 20 kg). 
- Asistencia telefónica en inglés. 
- Mapas y libro de ruta en inglés
"
"0000000062";4;1;"No incluido:";"Traslados a y desde los puntos de salida y final de la ruta.
¡Visita nuestro buscador de vuelos!
http://www.traveltool.es/agencias/entradaIdentificada.aspx?codigoAgencia=767"
"0000000062";5;1;"Opciones:";"- Bicicleta híbrida (7 o 21 marchas): 60 €
- Bicis infantiles, remolques / silla: 38.50 € / 11 €
- E-bike / Tándem (previa reserva): 165 € / 150 €
- Media pensión (5 cenas de 3 platos, excepto en Bruselas) : 95 € / persona.
- Noches extra en Bruselas y Brujas (Alojamiento y desayuno): 55 € / persona y noche.
- Seguro personal de viaje: 15 €
- Seguro bici híbrida : 12 €"
"0000000063";1;1;"Precio por persona en habitación doble:";"Del 20 de abril al 22 de junio y del 31 de agosto al 21 de septiembre: 475 €
Del 29 de junio al 24 de agosto: 489 €"
"0000000063";3;1;"Descuentos infantiles (niños de hasta 11 años, compartiendo habitación con dos adultos).";"De 0 a 2.99 años: 100 €
De 3 a 6.99 años: 50 %
De 7 a 11 años: 25 %"
"0000000063";4;1;"Descuento por 3ª persona en habitación/camarote triple:
";"En esta ruta no hay descuento por la ocupación de una 3ª persona en habitación triple."
"0000000063";5;1;"El precio incluye:
";"- Estancia en régimen de Alojamiento y Desayuno en hoteles de 3 o 4 *. hbitación con baño y aseo privados.
- 7 desayunos tipo buffet.
- Transporte de equipaje (1 bulto por persona de hasta 20 kg). 
- Asistencia telefónica en inglés.
- Mapas, libro de ruta e información turística en inglés.
- Entrada al Museo Nacional del Ciclismo (día 7 del itinerario)
- Bebida de bienvenida"
"0000000063";6;1;"No incluido en el precio:";"- Traslados a y desde los puntos de salida y final de la ruta.
¡Visita nuestro buscador de vuelos!
http://www.traveltool.es/agencias/entradaIdentificada.aspx?codigoAgencia=767"
"0000000063";7;1;"Opciones:";"- Bicicleta híbrida (7 o 21 marchas): 60 € / bici
- E-bike: 185 € / bici
- Media pensión (7 cenas de 3 platos): 145 € / persona.
- Seguro personal de viaje: 15 € / persona
- Seguro de viaje y cancelación: 25 €
- Seguro bici híbrida : 18 € / bici
- Seguro Ebike: 32 €"
"0000000064";0;1;"PRECIO:";"595 € en habitación doble
155 € suplemento individual"
"0000000064";1;1;"EL PRECIO INCLUYE: ";"- Alojamiento en habitación doble hoteles 2 estrellas.
Categoría básica.
- Media pensión: desayuno buffet y cenas.
- Traslado equipaje (1 pieza)
- Mapas y libro de ruta en Español."
"0000000064";2;1;"NO INCLUIDO:";"- Comidas"
"0000000064";3;1;"OPCIONES:";"- Bicicleta 70 €.
- Seguro bici 15 €.
- Dto. niños.
- Seguro viaje 15 €.
- Seguro cancelación 25 €."
"0000000071";0;1;"PRECIO:";"839 € en camarote doble
779 € en camarote sin aseo"
"0000000071";1;1;"EL PRECIO INCLUYE: ";"- Alojamiento en camarote doble.
- Pensión completa.
- Bicicleta.
- Visita castillo y degustación vinos.
- Traslados desde Paris.
- Asistencia.
- Mapas y libro de ruta."
"0000000071";2;1;"NO INCLUIDO:";"- Transporte a los puntos de salida. 
- Bebidas a bordo.
- Vuelos y noches extra. 
http://www.traveltool.es/agencias/entradaIdentificada.aspx?codigoAgencia=767"
"0000000071";3;1;"OPCIONES:";"- Noches extra en Paris.
- No dto. niños.
- No posible uso indiv.
- Seguro viaje 15 €
- Seguro bicicleta 18 €"
"0000000074";1;1;"Precio por persona en habitación doble:";"787 €"
"0000000074";4;1;"El precio incluye:";"- Alojamiento en media pensión en hoteles 2 estrellas o alojamientos rurales con encanto.
- Traslado equipaje.
- Asistencia.
- Mapas y libro de ruta.
"
"0000000074";5;1;"No incluido:";"- Traslados a y desde los puntos de salida y final de la ruta.
- Bebidas y comidas.
- Entradas a monumentos.
"
"0000000074";6;1;"Opciones:";"- Bicicleta 130: €
- Bicicleta eléctrica: 250 € (depósito de 500 € a pagar en destino)
- Seguro viaje: 15 €

"
"0000000075";0;1;"PRECIO:";"Hotel 2 estrellas en Chitenay
http://www.auberge-du-centre.com/
525 € en habitación doble"
"0000000075";1;1;"PRECIO:";"Hotel 3 estrellas en Cheverny
Hotel Chateau de Breuil 
http://www.chateau-du-breuil.fr/
870 € en habitación doble."
"0000000075";2;1;"EL PRECIO INCLUYE:";"- Alojamiento 4 noches en habitación doble. Hoteles 2-3 estrellas.
- Media pensión: 4 Cenas de 3 platos y desayunos buffet.
- Asistencia.
- Mapas y libro de ruta."
"0000000075";3;1;"NO INCLUIDO:";"- Comidas y bebidas."
"0000000075";4;1;"OPCIONES:";"- Bicicleta: 60 euros.
- Seguro asistencia viaje 15€
- Paseo en globo (mínimo 2 personas): 376 €."
"0000000076";0;1;"PRECIO:";"690 € por persona en doble
195 € suplemento Individual"
"0000000076";1;1;"EL PRECIO INCLUYE: ";"- Alojamiento en hoteles 2-3 estrellas con desayuno.
- Traslado equipaje.
- Mapas y libro de ruta
- Tasas al turismo en Florencia."
"0000000076";2;1;"NO INCLUIDO: ";"- Transporte a los puntos de salida.
- Vuelos a Italia. 
http://www.traveltool.es/agencias/entradaIdentificada.aspx?codigoAgencia=767
- Tren Pontedera-Pisa
- Bebidas.
- Entradas a monumentos.
- Cenas y comidas."
"0000000076";3;1;"OPCIONES:";"- Bicicleta 70 €
- Media pensión 4 dias 115 €
- Seguro asistencia viaje 15 €
- Parking en Florencia 
(80 €/semana) 

 
 
 
 
"
"0000000077";0;1;"PRECIO:";"644 €
Suplemento domingo: 20 €
Suplemento individual: 120 €"
"0000000077";1;1;"EL PRECIO INCLUYE:";"- Alojamiento 6 noches en media pensión en hoteles 2 estrellas y casas rurales.
- 5 Cenas.
- Mapa y libro de ruta en francés o inglés."
"0000000077";2;1;"NO INCLUIDO: ";"- Transporte a los puntos de salida.
- Comidas y 1 cena en Apt.
- Bebidas en la cena.
- Entradas a monumentos."
"0000000077";3;1;"OPCIONES:";"- Transporte de equipajes 150€/persona.
- Pareja de alforjas (25 L): 15 € 
- Bicicleta 100 € 
- Noches extra en Cavaillon o Avignon. 
- Seguro asistencia viaje 15 €"
"0000000078";1;1;"Precio por persona en habitación doble";"Del 20 de abril al 22 de junio y del 31 de agosto al 21 de septiembre: 525 € / persona (adulto)
Del 29 de junio al 24 de agosto, 550 € / persona (adulto)"
"0000000078";2;1;"Descuentos infantiles (niños de hasta 12 años, compartiendo habitación con dos adultos).";"Título: 
Opción:
Hasta 2.99 años: 100 € (precio del viaje)
De 3 a 6.99 años: 50 %
De 7 a 12.99 años: 30 %"
"0000000078";3;1;"Suplemento individual";"200 €"
"0000000078";4;1;"El precio incluye:";"- Estancia en régimen de Media Pensión (desayunos y cenas).
- Transporte de equipaje (1 bulto por persona de hasta 20 kg).
- Asistencia telefónica (en inglés).
- Mapas y libro de ruta (en inglés).
- Regalo de bienvenida para los niños de hasta 12 años.
"
"0000000078";5;1;"No incluido:";"- Traslados a y desde los puntos de salida y final de la ruta.
- Bebidas durante las cenas.
¡Puedes reservar vuelos a través de nuestro buscador!
http://www.traveltool.es/agencias/entradaIdentificada.aspx?codigoAgencia=767"
"0000000078";6;1;"Opciones:";"- Bicicleta híbrida (7 o 21 marchas): 55 €
- Bicis infantiles, remolques / silla: 55 € / 25 €
- Noches extra en Bruselas y Brujas (Alojamiento y desayuno): 55 € / persona y noche.
- Seguro personal de viaje: 15 €
- Seguro bici híbrida : 20 €"
"0000000086";0;1;"PRECIO:";"CAT. COMFORT:
860 € en barco Comfort 
815 € por persona en triple 
"
"0000000086";1;1;"EL PRECIO INCLUYE: 
";"- Alojamiento en camarote doble.
- Pensión completa.
- Bicicleta 7/21 velocidades.
- Visita a varias ciudades.
- Guía Español 

"
"0000000086";2;1;"NO INCLUIDO: ";"- Transporte a los puntos de salida.
- Vuelos y noches extra. 
- Bebidas a bordo.

"
"0000000086";3;1;"OPCIONES: ";"- Seguro viaje 15 €.
- Bicicleta eléctrica 130 €
- Estancias en Amsterdam.
- Parking en Amsterdam.
"
"0000000086";4;1;"INTERESANTE: ";"- Una excursión en bicicleta a lo largo del río Amstel. 

- La Haya: posible visita al museo ‘Mauritshuis’.

- Leiden: posible visita al museo ‘De Lakenhal’

- Zaanse Schans: Museo al aire libre con antiguos molinos de viento.

- Paseo en bici a lo largo de la costa del Mar del Norte y sus dunas.

- Hoorn: una pequeña ciudad portuaria del siglo XVII.

- Ámsterdam: posible visita al museo ‘Rembrandthuis’

"
"0000000093";1;1;"PRICE:
";"Low season 725 € 
High season: 20July-25 August and holy week 926 € 

Single Supplement 453€
(high season 484 €)"
"0000000093";2;1;"INCLUDED: ";"- Accommodation in double room with buffet breakfast. 
- Charming 4 star bike hotel.
- Information Pack with Route Guide and maps.
- Special prices for children.

"
"0000000093";3;1;"NOT INCLUDED: ";"- Bicycle hire 
- Holiday extension
- Dinners and lunches.
"
"0000000093";4;1;"OPTIONS:";"- Bike Hire 120 € aluminiun Eddy Merck GARA. 
- Carbon bike 140 €
- Excellent dinner 28 €
- Travel insurance 25 €
- Transfers 1-4 persons:
(Girona train station 85 €)
(Barcelona airport 260 €) 
"
"0000000093";5;1;"HIGHLIGHTS";"- La Costa Brava.

- The atmospheric streets of Girona’s Jewish Quarter.

- Riding through the isolated bays of the Costa Brava.

- Excellent Gastronomy.

- The leisurely journey along the Girona-San Feliù rail trail. 
"
"0000000098";0;1;"PRICE:";"810€
Single supplement: 240€"
"0000000098";1;1;"INCLUDED: ";"Accommodation, breakfast, luggage transfers, van transfer Madrid-Soto, welcome drink and some special gifts."
"0000000098";2;1;"NOT INCLUDED: ";"Lunches and dinners."
"0000000098";3;1;"OPTIONS:";"- Bike rental 95 €
- Road bike 140 €
- Travel insurance 20 €"
"0000000098";4;1;"HIGHLIGHTS";"- The natural park of Guadarrama.

- Buitrago’s surprising Picasso Museum, a collection of artwork shown by the artist’s    late barber, Eugenio Arias. 

- Views out onto the plains of Castile and Madrid on a sunny, clear day.

- The lofty, vast halls of the Monastery of San Lorenzo del Escorial.

- The scenic routes and the best of Castilian cuisine – hearty roasts, good wine and    fresh bread.  
"
"0000000102";1;1;"PRICE: ";"30 June to 13 Sept: 915 €
April-May-June-Oct: 790 €

Single Suppl.: 265 €
"
"0000000102";2;1;"INCLUDED: ";"- Accommodation in double room with continental breakfast.
- Transport to and from arrival / departure points 
- Information Pack with Route Guide and maps
- Luggage transport between hotels
- Partial rider transport on day four.

"
"0000000102";3;1;"NOT INCLUDED: ";"- Lunch & dinner
- Bicycle hire.
- Holiday extension
"
"0000000102";4;1;"OPTIONS:";"- Bike Hire 90 €
 
"
"0000000102";5;1;"HIGHLIGHTS";"- The beautiful villages of Santillana, Comillas, San Vicente and Llanes.

- The unspoilt beaches, a temptation at any corner.

- The friendly people and hospitality in the hotels/restaurants.

- The scenic routes and cuisine.  
"
"0000000106";1;1;"PRECIO Standard Plus: ";"890 € en barco Cat. Standard
- 3ª persona 445 €

"
"0000000106";2;1;"EL PRECIO INCLUYE: ";"- Alojamiento en camarote doble.
- Pensión completa.
- Visita a varias ciudades.
- Mapas.
- Entradas a los parques nacionales.

"
"0000000106";3;1;"NO INCLUIDO: ";"- Transporte a los puntos de salida.
- Vuelos y noches extra.
- Tasas de embarque 20 euros por persona.
"
"0000000106";4;1;"OPCIONES: ";"- Bicicleta 75€ /Eléctrica 145
- Camarote cubierta 70 €/per
- Suplemento indiv.: 300 € 
- Suplemento indiv. en cubierta 400 €
- Seguro viaje 15 €.
- Estancias en Trogir.
"
"0000000106";5;1;"INTERESANTE";"- La península de Primosten

- Centro histórico de Trogir. 

- Pedalear a 25 grados sin calor. Siempre hay una ligera brisa.

- Campos de lavanda a principios del verano.

- Las cataratas del parque nacional de Krka. "
"0000000120";0;1;"PRICE:";"565 € in hotels and country inns 3*
Single suppl.: 125 €
Suppl. High Season: 85 €"
"0000000120";1;1;"INCLUIDED: ";"- Accomodation with buffet breakfast.
- 1 dinner 3 courses.
- Luggage transfer.
- Maps and road book.
- Welcome meeting and assistance."
"0000000120";2;1;"NOT INCLUDED: ";"- Dinners."
"0000000120";3;1;"OPTIONS:";"- Extra nights: Ask for price.
- Arab baths.
- Bike rental: 95 €
- Taxi transfer Granada-Alhama.
- Travel insurance: 20 €"
"0000000120";4;1;"HIGHLIGHTS";"- Moorish Granada and her incredible Alhambra Palace. 

- Alhama de Granada and its Gorge and Roman baths 

- The Iglesia de Encarnación masterpiece in Montefrio 

- Stunning Rural scenes through Lakes, Valleys and Mountains. 

Food:
- Rio Frio trout, Arabic pastries, Goat's cheese, Asparagus, Olives and Cured hams.  
"
"0000000124";0;1;"PRECIO: ";"695 € en habitación doble 
Suplem. Indiv. 140 €"
"0000000124";1;1;"EL PRECIO INCLUYE: ";"- Alojamiento en media pensión en hoteles 3-4 estrellas. Sin bebidas. 
- Traslado equipaje.
- Asistencia en Español.
- Mapas y libro de ruta en inglés.
- Bicicleta paseo.
- Tren o bus Budapest–Viena"
"0000000124";2;1;"NO INCLUIDO: ";"- Ferries.
- Tren Szentendre-Budapest.
- Transporte a los puntos de salida. 
- Vuelos a Budapest y Viena.
"
"0000000124";3;1;"OPCIONES:";"- Seguro viaje 15 €
- Noches extras en Viena o Budapest."
"0000000126";0;1;"PRICE: ";"1380 € in Hotels 4*.
Single supplement: 190 €"
"0000000126";1;1;"What's INCLUDED?:";"- Accomodation with buffet breakfast.
- All transfers.
- Snacks/drinks in the van.
- Maps and guidance.
- 4 lunches.
- Bike Spain jersey [Image]
http://www.bikespain.info/images/d_roadcycling/maillotBST.jpg"
"0000000126";2;1;"NOT INCLUDED:";"dinners"
"0000000126";3;1;"OPTIONS : ";"Travel Insurance: 25 euros.
Flamenco show and dinners"
"0000000126";4;1;"OUR BIKES:  ";"- Road Aluminium: 40 €  
Specialized SECTEUR 
http://www.specialized.com/us/en/bikes/road/secteur/secteursportcompact

- Road Carbon: 90 € 
Specialized ROUBAIX 
http://www.specialized.com/us/en/bikes/road/roubaix/roubaixsportcompact
"
"0000000126";5;1;"SUPPORTED TOUR
MINIMUM GROUP 4 PERSONS 
";""
"0000000126";6;1;"HIGHLIGHTS";"- The heritage listed cities of Segovia and Toledo.

- The sepharad museum and the arab legacy in Toledo.

- The city of Madrid.

- The monastery of Escorial.

- The scenic routes and cuisine.  
"
"0000000127";0;1;"PRICE:";"1860 € in hotels 4*-3* 
210 € single supplement 

2140 € Paradores
290 € single supplement


León- Hostal San Marcos http://www.parador.es/en/tratarFichaParador.do?parador=102
Villafranca Parador http://www.parador.es/en/tratarFichaParador.do?parador=090
Santiago Reis Catolicos http://www.parador.es/en/tratarFichaParador.do?parador=103
 
"
"0000000127";1;1;"What's INCLUDED?:";"Accommodation, breakfast, dinners, lunches, luggage transfers, transfers on the trip, quality touring bike (road bike optional), guide and insurance."
"0000000127";2;1;"NOT INCLUDED: ";""
"0000000127";3;1;"OPTIONS: ";"- Return from Santiago by plane.
"
"0000000127";4;1;"OUR BIKES: ";"- Hybrid bike: INCLUDED  
Specialized SIRRUS  
http://www.specialized.com/us/en/bikes/multi-use/sirrus/sirrus

- Road Aluminium: 40 €  
Specialized SECTEUR 
http://www.specialized.com/us/en/bikes/road/secteur/secteursportcompact

- Road Carbon: 90 € 
Specialized ROUBAIX 
http://www.specialized.com/us/en/bikes/road/roubaix/roubaixsportcompact
"
"0000000127";5;1;"SUPPORTED TOUR


MINIMUM GROUP 4 PERSONS";"MINIMUM GROUP 4 PERSONS "
"0000000127";6;1;"HIGHLIGHTS";"- The friendship along the way with all pilgrims.

- The Cathedral and atmospheric streets of the city of León.

- Riding along gorgeous paths through ancient oak forests.

- Replenishing your energy with local cuisine and wine. 

- The thousand-year-old ritual of congratulating yourself on your achievement in front of the Cathedral.
"
"0000000134";1;1;"Precio por persona en camarote doble:";"Del 6 al 27 de abril (ambos inclusive): 880 €
Resto del año: 980 € 

Suplemento individual: 100 €"
"0000000134";4;1;"El precio incluye:";"- Alojamiento, desayuno , comidas y cena en camarote doble.
- Traslado equipaje.
- Mapas y libro de ruta.
- Café y té a bordo.
- Cata de vino en Chateauneuf-du-Pape. 
"
"0000000134";5;1;"No incluido:";"Opción:
- Traslados a y desde los puntos de salida y final de la ruta.
- Bebidas  a bordo y en los almuerzos
- Entradas a monumentos, museos, etcétera."
"0000000134";6;1;"Opciones:";"- Bicicleta híbrida: 70 €
- E-bike (previa reserva): 155 €
- Seguro personal de viaje: 15 €
"
"0000000140";0;1;"PRICE:";"1380 € superior hotels
190 € single supplement 

1580 € paradores
260 € Indiv 

La Granja - Parador
Avila - Parador 
Toledo - Parador 
Chinchon - Parador  
 
"
"0000000140";1;1;"What's INCLUDED?:";"Accommodation, buffet breakfast, 4 lunches, transfers, quality touring bike, travel insurance and some special gifts.


"
"0000000140";2;1;"NOT INCLUDED:";"Dinners "
"0000000140";3;1;"OUR BIKES: ";"- Hybrid bike: INCLUDED  
Specialized SIRRUS  
http://www.specialized.com/us/en/bikes/multi-use/sirrus/sirrus

- Road Aluminium: 40 €  
Specialized SECTEUR 
http://www.specialized.com/us/en/bikes/road/secteur/secteursportcompact

- Road Carbon: 90 € 
Specialized ROUBAIX 
http://www.specialized.com/us/en/bikes/road/roubaix/roubaixsportcompact
"
"0000000140";4;1;"SUPPORTED TOUR
MINIMUM GROUP 4 PERSONS 
";""
"0000000140";5;1;"HIGHLIGHTS";"- The heritage listed cities of Segovia and Toledo.

- The sepharad museum and the arab legacy in Toledo.

- The city of Madrid.

- The monastery of Escorial.

- The scenic routes and cuisine. "
"0000000152";0;1;"PRICE :";"1780 € in hotels 4*-3* 
Single suppl.: 230 €"
"0000000152";1;1;"What's INCLUDED?:";"- Accomodation with buffet breakfast.
- Transfers during the tour.
- 4 lunches, 3 dinners + 1 dinner featuring tapas.
- Flamenco show in Granada.
- Winery and olive oil tastings. 
- Alhambra tickets.
- Travel insurance.
- Quality touring bicycle."
"0000000152";2;1;"NOT INCLUDED: ";""
"0000000152";3;1;"OPTIONS:";"- Extra nights: Ask for price.
- Arab baths."
"0000000152";4;1;"OUR BIKES: ";"- Hybrid bike: INCLUDED  
Specialized SIRRUS  
http://www.specialized.com/us/en/bikes/multi-use/sirrus/sirrus

- Road Aluminium: 40 €  
Specialized SECTEUR 
http://www.specialized.com/us/en/bikes/road/secteur/secteursportcompact

- Road Carbon: 90 € 
Specialized ROUBAIX 
http://www.specialized.com/us/en/bikes/road/roubaix/roubaixsportcompact
"
"0000000152";5;1;"HIGHLIGHTS";"- The Alhambra Palace – the jewel in the crown of Moorish architecture.

- The sweeping views of Córdoba province from the battlements of the Moorish castles in Luque and Zuhero.

- Andalusian gazpacho: the original power drink!

- Discovering the narrow whitewashed streets of some of the prettiest towns of Córdoba and Granada. 

- Magic nights of flamenco music and sangria drink.
"
"0000000155";0;1;"PRECIO: ";"779 € en camarote doble"
"0000000155";1;1;"EL PRECIO INCLUYE: ";"- 7 noches alojamiento en camarote doble.
- Pensión completa.
- Alquiler de bici
- Mapas y libro de ruta.
- Traslado Tournus – Dijon o Dijon – Tournus. 
- Entrada museos y degustación de vino."
"0000000155";2;1;"NO INCLUIDO:";"- Transporte a los puntos de salida. 
- Bebidas a bordo.
- Vuelos y noches extra.http://www.traveltool.es/agencias/entradaIdentificada.aspx?codigoAgencia=767"
"0000000155";3;1;"OPCIONES:";"- Noches extra en Paris.
- No dto. niños.
- No posible uso indiv.
- Seguro viaje 15 €
- Seguro bicicleta 18 €"
"0000000157";0;1;"PRECIO: ";"Hoteles 2 estrellas: 750 euros en habitación doble.
Suplemento individual: 172 €"
"0000000157";1;1;"EL PRECIO INCLUYE:";"- Alojamiento 4 noches 2** y 3 noches 3*** en habitación doble con baño privado.
- Media pensión : 7 cenas y desayunos buffet.
- Traslado del equipaje de hotel a hotel.
- Asistencia
- Libro de ruta en francés o inglés y mapas."
"0000000157";2;1;"NO INCLUIDO:";"- Bebidas y comidas."
"0000000157";3;1;"OPCIONES:";"- Bicicleta: 80 euros.
- Seguro viaje 15 €.
- Seguro asistencia y cancelación 25 euros. "
"0000000158";0;1;"PRECIO:  ";"925 € 
Suplemento Indiv.: 224 € 
"
"0000000158";1;1;"EL PRECIO INCLUYE: ";"- Alojamiento y pensión completa en hoteles 2-3 estrellas.
- 5 Cenas gourmet.
- 5 comidas pic-nic.
- Traslado equipajes.
- Asistencia. Guía. Vehículo apoyo.
- Mapa.
- Regalos bienvenida.
"
"0000000158";2;1;"NO INCLUIDO: ";"- Transporte a los puntos de salida.
- Bebidas en la cena.
- Entradas a monumentos."
"0000000158";3;1;"OPCIONES:";"- Bicicleta 75 € 
- Seguro viaje 15 €"
"0000000161";1;1;"Precio por persona en habitación doble:";"En hotel 2/3 estrellas: 660 €
Suplemento individual : 126 €

En hotel 3/4 estrellas : 816 €
Suplemento individual : 315 €"
"0000000161";2;1;"Descuentos";"Descuentos  infantiles (niños de hasta 11 años, compartiendo habitación con dos adultos).
Hasta 4 años: 50 %
De 5 a 12 años: 20 %

Descuento a tercera persona (adultos) en habitación triple: 10%"
"0000000161";4;1;"El precio incluye:";"- Alojamiento  en habitación doble con baño privado en el hotel de la categoría seleccionada
- Media pensión: 6 cenas y desayunos buffet.
- Traslado del equipaje de hotel a hotel.
- Asistencia
- Libro de ruta y mapas."
"0000000161";5;1;"No incluido:";"-Traslados a y desde los puntos de salida y final de la ruta.
- Bebidas durante las cenas.
- Comida, gastos personales, entradas a museos y similares."
"0000000161";6;1;"Opciones:";"- Bicicleta: 90 €
- Seguro viaje 15 €
- Seguro asistencia y cancelación 25 € "
"0000000169";0;1;"PRICE :";"1780 € in hotels 4*-5* 
Single suppl.: 230 €"
"0000000169";1;1;"What's INCLUDED?:";"- Accomodation with buffet breakfast.
- Transfers during the tour.
- 5 lunches, 4 dinners with wine.
- Winery and olive oil tastings.
- Travel insurance.
- Quality touring bicycle."
"0000000169";2;1;"NOT INCLUDED?:
";""
"0000000169";3;1;"OPTIONS:";"- Extra nights: Ask for price.
- Arab baths.
"
"0000000169";4;1;"OUR BIKES: ";"- Hybrid bike: INCLUDED  
Specialized SIRRUS  
http://www.specialized.com/us/en/bikes/multi-use/sirrus/sirrus

- Road Aluminium: 40 €  
Specialized SECTEUR 
http://www.specialized.com/us/en/bikes/road/secteur/secteursportcompact

- Road Carbon: 90 € 
Specialized ROUBAIX 
http://www.specialized.com/us/en/bikes/road/roubaix/roubaixsportcompact
"
"0000000169";5;1;"SUPPORTED TOUR
MINIMUM GROUP 4 PERSONS";""
"0000000169";6;1;"Please NOTE:";"Although this tour has been designed for a week’s worth of travel, it can easily be expanded to include towns and areas around Seville and Málaga. If your group would like to explore Andalusia in more depth, please contact us: we’d be delighted to specially design a tour that introduces you to the region’s historical and cultural treasures.

"
"0000000169";7;1;"HIGHLIGHTS";"- Discover two of Spain's off the beaten track wine regions, like La Mancha and Andalusia.

- Stay in rural estates and bodegas, tucked away in the profound Spanish countryside.

- Find out all you've ever wanted to know about wine and sherry preparation.

- Follow the green trails (""Vias Verdes"") of ancient railways to get away from it all.

- Take a well-deserved break on the beach after cycling through Jerez' vineyards.

- Magic nights of flamenco music and sangria drink.
 
"
"0000000172";1;1;"Precio por persona en habitación doble:";"Del 12 de abril al 9 de mayo: 635 €
Del 10 de mayo al 13 de junio: 685 €
Del 14 de junio al 28 de septiembre:725 €

Suplemento individual: 195 €"
"0000000172";4;1;"El precio incluye:";" - 7 noches alojamiento en habitación doble con desayuno.
- Documentación de la ruta y mapas (inglés o alemán).
- Transporte de equipaje.
- Tren de Garmisch Partenkirchen a Scharnitz (no incluye el suplemento por bici: 6 €).
"
"0000000172";5;1;"No incluido:";"- Traslados a y desde los puntos de salida y final de la ruta.
- Comidas y cenas.
 
"
"0000000172";6;1;"Opciones:";"- Bicicleta: 65 €
- Bicicleta eléctrica, 160 €
- Noches extra en Múnich 4*: desde 79 € / persona y noche (AD)
- Media pensión (7 cenas): 182 €/persona.
- Seguro viaje 15 €.
- Parking en Múnich: 50 € aproximadamente por una semana.
- Párking en Lago Starnberg.
"
"0000000180";0;1;"PRECIO 2012";"ORLEANS
Hotel IBIS ** 170 euros.
Hotel MERCURE *** 190 euros

BLOIS
(Incluyendo 2 cenas) 
Hotel ** 260 euros
Hotel *** 300 euros

"
"0000000180";1;1;"EL PRECIO INCLUYE: ";"- Alojamiento 2 noches en habitación doble con desayuno.
- Mapas y libro de ruta.
- Bicicleta por 3 días."
"0000000180";2;1;"NO INCLUIDO:";"- Comidas, cenas y bebidas.
- Traslados."
"0000000180";3;1;"OPCIONES:";"- Seguro asistencia viaje 15€"
"0000000218";1;1;"Precio por persona en camarote doble:";"955 € en camarote con literas.
1055 € en camarote estándar.
1155 € en camarote superior.
1355 € en camarote individual

*Todas las salidas del 4 mayo al 12 Octubre tienen un suplemento de 135 €."
"0000000218";2;1;"Descuento a tercera persona (adultos) en habitación o camarote triple: -130 € ";""
"0000000218";3;1;"El precio incluye:";"- Alojamiento en camarote doble, en pensión completa. 
- Mapas y libro de ruta.
- Tasas de embarque.
- Traslado en bus entre Ferrara- Zelo/Ferrara - Adria."
"0000000218";4;1;"No incluido:";"- Traslados a y desde los puntos de salida y final de la ruta.
- Bebidas a bordo."
"0000000218";5;1;"Opciones:";"- Bicicleta 70 €
- Seguro de viaje 15 €
- Noche extra Venecia desde 90 €"
"0000000239";0;1;"PRECIO 2012: ";"Julio:
449 € en camarote doble.
Supl. Individual: 245 €
Supl. Balcón: 29 € / pax

Agosto:
475 € en camarote doble
Supl. Individual: 259 €
Supl. Balcón: 35 € / pax
"
"0000000239";1;1;"EL PRECIO INCLUYE: ";"-Alojamiento en camarote doble.
-Media pensión.
-Documentación de rutas en bicicleta.
-Tasas de embarque.
-Cata de vino de Oporto."
"0000000239";2;1;"NO INCLUIDO: ";"- Transporte a los puntos de salida.
- Bebidas."
"0000000239";3;1;"OPCIONES:";"-Excursiones a Lamego, Palacio Mateus,
Figueira Castelo Rodrigo.
-Seguro de viaje 15 €
-Seguro de viaje y cancelación 25 €.
- Vuelos y noches extra. http://www.traveltool.es/agencias/entradaIdentificada.aspx?codigoAgencia=767"
"0000000249";1;1;"PRECIO Standard Plus:";" 1020 € en barco Cat. Standard Plus

"
"0000000249";2;1;"EL PRECIO INCLUYE: ";"- Alojamiento en camarote doble.
- Pensión completa.
- Traslado del aeropuerto Rijeka a Omišalj (en dia de embarque / desembarque)
- Visita a varias ciudades.
- Mapas.
"
"0000000249";3;1;"NO INCLUIDO: ";"- Transporte a los puntos de salida.
- Vuelos y noches extra.
- Tasas de embarque 40 euros por persona.(20 niños) 
- Bebidas a bordo.
"
"0000000249";4;1;"OPCIONES: ";"- Bicicleta 55 €.
- Bicicleta eléctrica 110 € 
- Camarote cubierta 70 €/per
- Suplemento indiv.: 300 € 
- Seguro viaje 15 €.
- Alquiler casco. "
"0000000249";5;1;"INTERESANTE";"- Rab, un precioso islote saliente al mar.
- Opatija: el Monte Carlo de Croacia. 

- vistas espectaculares de Dogi Otok.

- Campos de lavanda a principios del verano.
"
"0000000270";1;1;"Precio por persona en habitación doble:";"Marzo, abril y octubre: 655 €
Mayo, junio y septiembre: 680 €
Julio y agosto: 710 €"
"0000000270";3;1;"Descuento a tercera persona (adultos) en habitación triple:";"-130 €"
"0000000270";4;1;"El precio incluye:";"- Alojamiento y desayuno en hoteles de 3/4 estrellas.
- Traslado equipaje.
- Asistencia.
- Mapas y libro de ruta."
"0000000270";5;1;"No incluido:";"- Traslados a y desde los puntos de salida y final de la ruta.
- Bebidas.
- Entradas a monumentos.
- Cenas y comidas.
- Tasas de estancia en hotel."
"0000000270";6;1;"Opciones:";"- Bicicleta 70 €.
- Casco 15 €.
- Bici eléctrica 150 €
- Media pensión 170 €
- Seguro de viaje 15 €
- Noche extra Venecia 90 €"
"0000000286";0;1;"PRECIO 2012 GUIADO: ";"Adulto 895 €
- Suplem. Indiv. 130 €
- 3ª persona con 2 adultos:
Niños 0-4 años: 430 €
Niños 5-9 años: 530 €
Niños 10-12 años: 630 €

"
"0000000286";1;1;"PRECIO 2012 A TU AIRE:";"Adulto 730 €
- Suplem. Indiv. 130 €
- 3ª persona con 2 adultos:
Niños 0-4 años: 330 €
Niños 5-9 años: 430 €
Niños 10-12 años: 530 €

"
"0000000286";2;1;"EL PRECIO INCLUYE: ";"- 8 noches alojamiento con desayuno en hoteles 3-4 estrellas.
- 6 cenas.
- Traslado equipaje.
- Asistencia en Español.
- Mapas y libro de ruta.
- Bicicleta.
"
"0000000286";3;1;"NO INCLUIDO: ";"- Transporte a los puntos de salida.
- Comidas.
- 2 Cenas en Viena."
"0000000286";4;1;"OPCIONES:";"- Descuentos familiares.
- Seguro viaje 15 €.
- Vuelos y noches extra. http://www.traveltool.es/agencias/entradaIdentificada.aspx?codigoAgencia=767
"
"0000000301";0;1;"PRECIO Hotel Cat. B:";"585€ del 7 Mayo a 8 Sep.
465€ resto año 
Suplem. Indiv. 125€
Supl. 6 cenas 120€"
"0000000301";1;1;"PRECIO Hotel Cat. A:";"715€ del 7 Mayo a 8 Sep.
595€ resto año 
Suplem. Indiv. 140€
Supl. 6 cenas 160€"
"0000000301";2;1;"EL PRECIO INCLUYE:";"- 6 noches alojamiento en habitación doble con desayuno
- Documentación de la ruta y mapas
- Bicicleta
- Transporte de equipaje
- Entrada al Mueso Rosgarten con café
- Barco Reichenau - Gaienhofen con bicicleta
- Barco Wallhausen – Überlingen con bicicleta.

Especial para Cat. A:
- Entrada a isla de Mainau.
- Botella vino de Constanza.

NO INCLUIDO: 
- Transporte a los puntos de salida.
_ Comidas y cenas.
- Vuelos y noches extra.http://www.traveltool.es/agencias/entradaIdentificada.aspx?codigoAgencia=767"
"0000000301";3;1;"OPCIONES:";"- Descuentos de niños
- Seguro viaje 15€
- Noches extra 
- Bicicleta eléctrica 65 €."
"0000000303";0;1;"Categorías barco";"Hay varias categorías, la diferencia está sobre todo en el tamaño de los camarotes.

Categoría ESTÁNDAR PLUS: Camarotes con camas literas y aseo y ducha privados. 
(Excepto en Loira y en las rutas en familia que las duchas son a compartir).
Categoría CONFORT: Camarotes de dos camas juntas con ducha y aseo.
Categoría CONFORT PLUS: Camarotes amplios y mayor calidad.
"
"0000000303";1;1;"Precio por persona en camarote doble bajo cubierta";"19 de abril y 11 de octubre: 599 €
26 de abril y 4 de octubre: 699 €
Resto del año: 799 €

Existe un coste extra de 15 € / reserva, a pagar en el momento de la confirmación de las plazas. Este importe NO ES REEMBOLSABLE en ningún caso."
"0000000303";4;1;"El precio incluye:";"- 7 noches alojamiento en camarote elegido en pensión completa
- 6 comidas picnic
- 6 cenas a bordo
- Guía a bordo (no en español)
- Documentación de la ruta y mapas (inglés)
"
"0000000303";5;1;"No incluido:";"- Traslados a y desde los puntos de salida y final de la ruta."
"0000000303";6;1;"Opciones:";"- Suplemento individual: 230 €
- Suplemento cubierta superior: 100 € / persona
- Bicicleta 7 marchas: 60 €
- E-bike (previa reserva): 120 €
- Seguro personal de viaje: 15 €
"
"0000000305";1;1;"Precio por persona en camarote doble:";"Camarote estándar: 959 €
Camarote suite: 1199 €"
"0000000305";3;1;"Tercera persona (adultos) en habitación o camarote triple.";"649 €"
"0000000305";4;1;"El precio incluye:";"- Alojamiento en pensión completa en camarote doble.
- Visitas a ciudades.
- Guía en inglés.
- Bicicleta.
- Mapas y libro de ruta."
"0000000305";5;1;"No incluido:";"- Traslados a y desde los puntos de salida y final de la ruta.
- Bebidas a bordo ni en las comidas."
"0000000305";6;1;"Opciones:";"- Seguro viaje 15 €.
- Suplemento individual (solo en camarote estándar): 360 €"
"0000000308";0;1;"PRECIO ""a tu aire"": ";"Mayo, junio y septiembre: 540 € por persona.
Julio y agosto: 660 € por persona.
Del 15 de octubre al 30 de abril: 490 €"
"0000000308";1;1;"EL PRECIO INCLUYE:";"-Alojamiento y en habitación doble, en hoteles de 3* (excepto en Nebida).
-7 Desayunos
- Transporte de equipaje.
-Traslados entre San Salvatore Sinis y Arborea.
-Mapas y libros de ruta.
-Asistencia

"
"0000000308";2;1;"NO INCLUIDO:";"-Entradas a museos y centros arqueológicos.
-Billetes para los ferries a Carloforte y Calasetta."
"0000000308";3;1;"OPCIONES:";"-Bicicleta: 80 €
-Salida cualquier día de la semana: 50 €
-Transfer Cagliari-San Salvatore: 60 €/persona
-Transfer 
Pula-Cagliari 30 € / persona."
"0000000317";1;1;"PRICE: ";"790 € 
July to Sept: Suppl. 160 € 

Single Suppl. 210 €
"
"0000000317";2;1;"INCLUDED: ";"- Accommodation in double room with continental breakfast.
- Information Pack with Route Guide and maps
- Luggage transport between hotels
- Partial rider transport on day two.

"
"0000000317";3;1;"NOT INCLUDED: ";"- Lunch & dinner
- Bicycle.
- Holiday extension

"
"0000000317";4;1;"OPTIONS:";"- Bike Hire 85 €
"
"0000000317";5;1;"HIGHLIGHTS";"- The beautiful villages of Mundaka, Lekeitio, Bakio, and Guernica.

- The unspoilt beaches, a temptation at any corner.

- The friendly people and hospitality in the hotels/restaurants.

- The scenic routes and cuisine.  
"
"0000000327";0;1;"";""
"0000000327";1;1;"Precio por persona en habitación doble:";"Del 29 de junio al 31 de agosto: 394 €
Del 30 de marzo al 28 de junio y del 1 de septiembre al 31 de octubre: 364 €"
"0000000327";2;1;"Descuentos y suplementos:";"Suplemento individual: 150 €

Descuentos infantiles (niños de hasta 11 años, compartiendo habitación con dos adultos).
Opción:
De 0 a 2.99 años: 100 € (precio del viaje)
De 3 a 6.99 años: 50 %
De 7 a 11.99 años: 25 %"
"0000000327";3;1;"El precio incluye:";"- Estancia en régimen de Media Pensión en hoteles de 4*
- 4 desayunos buffet
- 3 cenas de 3 platos
- Mapas, libro de ruta e información turística sobre las rutas.
- Bicicleta de 7 o 21 velocidades.
- Aparcamiento en el hotel.
- Asistencia telefónica en inglés.
- Tarjeta de descuento para algunos museos en Brujas.
- Asistencia telefónica (en inglés)"
"0000000327";4;1;"No incluido:";"- Traslados a y desde los puntos de salida y final de la ruta.
Puedes buscar vuelos en nuestra web:
http://www.traveltool.es/agencias/entradaIdentificada.aspx?codigoAgencia=767"
"0000000327";5;1;"Opciones:";"- Bicis infantiles, remolques / silla: 55 € / 25 €
- E-bike / Tándem (previa reserva): 105 € / 95 €
- Noches extra en Bruselas y Brujas (Alojamiento y desayuno): 55 € / persona y noche.
- Seguro personal de viaje: 15 €
- Seguro bici híbrida: 15 €"
"0000000330";1;1;"Precio por persona en habitación doble:";"Hoteles Categoría A: 
Temporada A: 549 €
Temporada B: 649 €
Temporada C: 679 €
Suplemento Individual: 150 €
Suplemento Media Pensión (6 cenas): 160 €

Hoteles categoría B
Temporada A: 429 €
Temporada B: 499 €
Temporada C: 539 €
Suplemento Individual: 125 €
Suplemento Media Pensión (6 cenas): 120 €"
"0000000330";2;1;"Descuentos infantiles (niños de 14  a 17 años, compartiendo habitación con dos adultos).";"Descuento del 25 % sobre la tarifa por persona de un adulto."
"0000000330";3;1;"Descuento a tercera persona (adultos) en habitación triple:";"10 % sobre la tarifa por persona.
Cama supletoria o sofá-cama."
"0000000330";4;1;"El precio incluye:";"- 6 noches alojamiento en habitación doble con desayuno buffet
- Documentación de la ruta y mapas (inglés y alemán)
- Transporte de equipaje
- Barco Reichenau - Gaienhofen con bicicleta
- Barco Wallhausen – Überlingen con bicicleta.

Especial para Cat. A:
- Entrada a isla de Mainau.
- Entrada museo Rosgarten.
- Botella vino de Constanza.
"
"0000000330";5;1;"No incluido:";"- Traslados a y desde los puntos de salida y final de la ruta.
- Comidas y cenas
- Bebidas en las cenas"
"0000000330";6;1;"Opciones";"- Alquiler Bicicleta: 65 €
- Bicicleta eléctrica 135 €.
- Seguro viaje: 15 €
- Noches extra 
"
"0000000345";1;1;"Precio por persona en habitación doble:";"Hoteles categoría 3/4 *: 609 €

"
"0000000345";2;1;"Precio por persona en habitación individual:";"Hoteles categoría 3/4*: 799 €
"
"0000000345";3;1;"Descuento a tercera persona (adultos) en habitación triple.";"10% sobre el precio por persona en habitación doble.
Descuento no aplicable a menores de edad.
"
"0000000345";4;1;"El precio incluye:";"- Alojamiento y desayuno en hoteles de 3 / 4 *.
- Documentación de la ruta y mapas (inglés).
- Transporte de equipaje.
"
"0000000345";5;1;"No incluido:";"- Traslados a y desde los puntos de salida y final de la ruta.
- Comidas y cenas."
"0000000345";6;1;"Opciones:";"- Bicicleta híbrida (7 o 21 marchas): 75 €
- E-bike (previa reserva): 160 €
- Noches extra en Hamburgo (Alojamiento y desayuno): 55 € / persona y noche en habitación doble
- Seguro de asistencia en  viaje: 15 €
- Seguro de asistencia y cancelación: 25 €"
"0000000370";0;1;"PRECIO: ";"2 adultos + 2 niños: 1796 €
2 adultos + 1 niño: 1497 €
1 adulto + 1 niño: 898 €
1 adulto + 2 niños: 1362 €
(Niños hasta 11 años)

Pasajeros adicionales:
Niños hasta 11 años: 449€
Pasajero 12+ años: 584 €

"
"0000000370";1;1;"EL PRECIO INCLUYE: 
";"- Alojamiento en camarote (varios tamaños). Duchas y aseos a compartir.
- Pensión completa.
- Bicicleta.
- Visita al museo Enkhuizen.
- Paseo en canoa en el parque nacional.
- Asistencia día de salida por nuestro representante Español en Julio y Agosto.
- Mapas y libro de ruta.

"
"0000000370";2;1;"NO INCLUIDO: 
";"- Transporte a los puntos de salida.
- Vuelos y noches extra.
- Bebidas a bordo.
"
"0000000370";3;1;"OPCIONES:
";"- Seguro viaje 15 €.
- Alojamiento en Amsterdam.



"
"0000000370";4;1;"INTERESANTE:";"- Visita al museo del antiguo pueblo de pescadores.

- Paseo en canoa en parque nacional Weerriben.

- Delfinario y playa de Harderwijk.

- Parque Walibi World.

- Paseos en ciudades y pueblos."
"0000000377";1;1;"Precio por persona en habitación doble:";"Del 25 de abril al 2 de mayo y del 29 de septiembre al 11 de octubre: 520 €
Del 2 de junio al 20 de junio y del 25 de agosto al 28 de spetiembre:600 €
Del 3 de mayo al 1 de junio y del 21 de junio al 24 de agosto: 630 €

Suplemento individual: 140 €"
"0000000377";2;1;"Descuentos infantiles (niños de hasta 14 años, compartiendo habitación con dos adultos).";"De 13 a 14.9 años: 25 %
De 6 a 13 años: 50 %
Niños hasta 5 años: 75 %
*Compartiendo habitación con"
"0000000377";3;1;"Descuento a tercera persona (adultos) en habitación o camarote triple.";"10% (cama supletoria)"
"0000000377";4;1;"El precio incluye:";"-Alojamiento y desayuno en hoteles 3* o categoría similar
-Bicicleta
-Transporte de equipajes
-Entrada al museo Rosgarten
-Tickets de los ferries en Wallhausen y Immenstaad"
"0000000377";5;1;"No incluido:";"- Traslados a y desde los puntos de salida y final de la ruta."
"0000000377";6;1;"Opciones:";"Tándem: 110 €
Bicicleta eléctrica: 140 €
Noches extra en Coblenza: 70 € / persona y noche (AD) en habitación doble.
"
"0000000379";0;1;"Categorías barco:";"Hay varias categorías, la diferencia está sobre todo en el tamaño de los camarotes.

Categoría ESTÁNDAR PLUS: Camarotes con camas literas y aseo y ducha privados. 
(Excepto en el itinerario en Loira y en las rutas en familia, que son duchas a compartir).
Categoría CONFORT: Camarotes de dos camas juntas con ducha y aseo.
Categoría CONFORT PLUS: Camarotes amplios y mayor calidad."
"0000000379";1;1;"Precio por persona en camarote doble";"829 €"
"0000000379";4;1;"El precio incluye:";"- Alojamiento en pensión completa en camarote doble.
- Visitas a ciudades.
- Guía en inglés.
- Bicicleta.
- Mapas y libro de ruta.
- Tren Gante – Brujas – Gente.
- Bus de Amsterdam-Brujas."
"0000000379";5;1;"No incluido:";"- Traslados a y desde los puntos de salida y final de la ruta.
- Bebidas a bordo (muy económicas)."
"0000000379";6;1;"Opciones:";"- Suplemento indiv. 148€
- Niños 4-11 años: 435 €
- Seguro viaje 15 €."
"0000000399";1;1;"Precio por persona en habitación doble:";"435 €
"
"0000000399";4;1;"El precio incluye:";"- Alojamiento y desayuno en pequeños hoteles familiares u hoteles rurales. 
- Traslado equipaje.
- Mapa y libro de ruta en castellano.
- Teléfono de emergencia."
"0000000399";5;1;"No incluido:";"- Media Pensión: (32 €/noche y cena)
- Bicicleta 100 €.
- Traslados aeropuerto 150 €
- Bebidas"
"0000000399";6;1;"Opciones:";"-Seguro de viaje 15 €
-Seguro de viaje y cancelación 25 €."
"0000000401";1;1;"PRICE:";"Low season 840 € 
July-August and holy week 988 € 

Single Supplement 330 € (high season 340€)

"
"0000000401";2;1;"INCLUDED: ";"- Accommodation in double room with buffet breakfast. Charming hotels 3/4 star.
- Information Pack with Route Guide and maps
- Luggage transport between hotels.
- Assistance during the route.
- Special prices for children.

"
"0000000401";3;1;"NOT INCLUDED: ";"- Bicycle hire 
- Holiday extension
- Dinners and lunches

"
"0000000401";4;1;"OPTIONS:";"- Bike Hire 80 €
- Travel insurance 25 €
- 7 dinners 210 €
- Transfers 1-4 persons:
(Girona train station 85 €)
(Barcelona airport 260 €)

"
"0000000401";5;1;"HIGHLIGHTS";"- La Costa Brava.

- The medieval towns with cypress trees. Tuscany in Spain.

- The atmospheric streets of Girona’s Jewish Quarter.

- Riding through the isolated cays of the Costa Brava.

- Excellent Gastronomy.

- The leisurely journey along the Girona-San Feliù rail trail. 
"
"0000000405";1;1;"PRICE:";"2475 € all Luxury hotels 4* 
Single suppl.: 420 € 

"
"0000000405";2;1;"WHAT´S INCLUDED?";"- 8 nights accommodation with buffet breakfast.
- 5 dinners with wine.
- 1 great lunch in winery.
- Flamenco show in Madrid.
- Snacks and drinks in the van.
- Maps and guidance.
- VIP tickets.
- Package of gifts: Bike Spain Tours handle bar bag, water bottle, a bag for your helmet or cycling shoes, luggage tags and a custom bike jersey, long zip [Image]
- CD with photos and video to take home as a memory.
- Travel insurance with medical assistance."
"0000000405";3;1;"NOT INCLUDED:";"- Lunches and some dinners.
- Airport transfers."
"0000000405";4;1;"VIP TRAVEL INCLUDES:";"- Ride by bike across the finish line on the D-day stage (under logistic conditions)
- Access to the stage podium for a photo shoot on the D-day stage of each participant.
- Access to the departure village for 3 stages. 
- Access to VIP buses bus for 3 stages (Excluding the first and last stage) 
"
"0000000405";5;1;"OUR BIKES:";" - Road Aluminium: 150 €  
Specialized SECTEUR 
(http://www.specialized.com/us/en/bikes/road/secteur/secteursportcompact)
- Road Carbon: 210 € 
Specialized ROUBAIX 
(http://www.specialized.com/us/en/bikes/road/roubaix/roubaixsportcompact)"
"0000000405";6;1;"OPTIONS:";"- Extra nights: Ask for price.
- Vip ticket Madrid 120 €. "
"0000000405";7;1;"SUPPORTED TOUR
MINIMUM GROUP 6 PERSONS ";""
"0000000406";1;1;"PRECIO:";"1860 € en hoteles 4* 
210 € suplemento indiv. 
"
"0000000406";2;1;"INCLUIDO: ";"Alojamiento, desayuno, 5 comidas, 6 cenas, traslado equipaje, bicicleta, seguro viaje, y regalos bienvenida."
"0000000406";3;1;"NO INCLUIDO:";""
"0000000406";4;1;"OPCIONES:
";""
"0000000406";5;1;"NUESTRAS BICICLETAS:";"- Bicicleta Híbrida: INCLUIDO
Specialized SIRRUS  
http://www.specialized.com/us/en/bikes/multi-use/sirrus/sirrus

- Bicicleta de caretera Aluminio: 40 €  
Specialized SECTEUR 
http://www.specialized.com/us/en/bikes/road/secteur/secteursportcompact

- Bicicleta de caretera Carbono: 90 € 
Specialized ROUBAIX 
http://www.specialized.com/us/en/bikes/road/roubaix/roubaixsportcompact
"
"0000000406";6;1;"INTERESANTE:";"- La llegada a la plaza Obradoiro y la entrada a la catedral. 

- El ambiente de Santiago.

- Las amistades y los encuentros en el camino.

- La ciudad de León. Su catedral y la gente en las calles.

- Los caminos por bosques y granjas.

- Santuario de O'Cebreiro. 
"
"0000000407";1;1;"PRECIO:";"1760 € en hoteles 3*-4*
190 € suplemento indiv. 
"
"0000000407";2;1;"INCLUIDO: ";"Alojamiento, desayuno, 5 comidas, 6 cenas, traslado equipaje, bicicleta, seguro viaje, y regalos bienvenida.


"
"0000000407";3;1;"NO INCLUIDO:


";""
"0000000407";4;1;"OPCIONES:";""
"0000000407";5;1;"NUESTRAS BICICLETAS";"- Bicicleta Híbrida: INCLUIDO
Specialized SIRRUS  
http://www.specialized.com/us/en/bikes/multi-use/sirrus/sirrus

- Bicicleta de caretera Aluminio: 40 €  
Specialized SECTEUR 
http://www.specialized.com/us/en/bikes/road/secteur/secteursportcompact

- Bicicleta de caretera Carbono: 90 € 
Specialized ROUBAIX 
http://www.specialized.com/us/en/bikes/road/roubaix/roubaixsportcompact
"
"0000000407";6;1;"INTERESANTE:";"- La llegada a la plaza Obradoiro y la entrada a la catedral. 
- El ambiente de Santiago.

- Las amistades y los encuentros en el camino.

- La ciudad de León. Su catedral y la gente en las calles.

- Los caminos por bosques y granjas.

- Santuario de O'Cebreiro.
 
"
"0000000408";1;1;"PRECIO:";"830 € en hoteles 3*-4* 
180 € suplemento indiv.  
 
990 € Paradores
260 € suplemento indiv. 
León- Hostal San Marcos
http://www.parador.es/en/tratarFichaParador.do?parador=102
Villafranca Parador 
http://www.parador.es/en/tratarFichaParador.do?parador=090
Santiago Reis Catolicos  
http://www.parador.es/en/tratarFichaParador.do?parador=103
"
"0000000408";2;1;"INCLUIDO: ";"Alojamiento, desayuno, traslado equipaje, libro de ruta, taxi de Villafranca a O'Cebreiro en día 4.

"
"0000000408";3;1;"NO INCLUIDO:";"Comidas y cenas 

 

"
"0000000408";4;1;"OPCIONES:";"Bici alquiler 160 €
Seguro viaje 20 €"
"0000000408";5;1;"INTERESANTE:";"- La llegada a la plaza Obradoiro y la entrada a la catedral. 

- El ambiente de Santiago.

- Las amistades y los encuentros en el camino.

- La ciudad de León. Su catedral y la gente en las calles.

- Los caminos por bosques y granjas.

- Santuario de O'Cebreiro.
"
"0000000409";1;1;"PRECIO:";"1230 € Hoteles 3-4 * 
Suplemento Indiv. 190 €
"
"0000000409";2;1;"INCLUIDO: ";"Alojamiento, desayuno, 4 comidas, bicicleta, traslados, seguro de viaje y regalos.

"
"0000000409";3;1;"NO INCLUIDO: 
";"Cenas

"
"0000000409";4;1;"OPCIONES: ";""
"0000000409";5;1;"INTERESANTE:";"- Ciudades Patrimonio de Segovia y Toledo.

- Museos y herencia árabe y juía en España.

- Estancia en Madrid.

- Monasterio de El Escorial.

- Paisajes y rutas.  
"
"0000000410";1;1;"PRECIO:";"810 €
Suplemento Indiv: 190 €"
"0000000410";2;1;"INCLUIDO: ";"Alojamiento, desayuno, traslado equipaje, libro de ruta y algunos regalos.

"
"0000000410";3;1;"NO INCLUIDO:";"Comidas y cenas


"
"0000000410";4;1;"OPCIONES: ";"- Alquiler bicicleta 95 € 
- Seguro de viaje 20 € "
"0000000410";5;1;"INTERESANTE:";"- Parque natural Guadarrama.

- Madrid y sus museos.

- Monasterios del Paular y Escorial. Castillo Manzanares.

- Rutas bonitas, tranquilas.
 
"
